,Variable,Skewness,Kurtosis,Variance,Coefficient of Variation
0,Salary,0.04710908479869191,-1.1627419114055262,1083969583.2795186,36.31469371117625
1,Bonus_pct,0.10730304218551591,-1.1761773887227471,30.564100119094093,54.160676231998636
2,Years_of_Service,0.12841041929131378,-1.1359472680343252,107.81994658033095,38.577857881328384
