Variable,Mean,Std Error,Lower CI (95%),Upper CI (95%),Margin of Error
Salary,90662.181,1041.138599457113,88619.1115594989,92705.2504405011,2043.0694405011036
Bonus_pct,10.207555000000001,0.17482591375163492,9.864486860964627,10.550623139035375,0.34306813903537353
Years_of_Service,26.916057494866532,0.32835947767702844,26.271704077664776,27.56041091206829,0.644353417201756
