Variable1,Variable2,Correlation,P-value,Significant
Salary,Bonus_pct,-0.03638060964374668,0.2503921131731864,No
Salary,Years_of_Service,-0.03347586706370166,0.29025049317682133,No
Bonus_pct,Years_of_Service,0.04924204535037698,0.11966845679480473,No
