,Salary,Bonus_pct,Years_of_Service
count,1000.0,1000.0,1000.0
mean,90662.181,10.207555000000001,26.916057494866532
std,32923.69334202223,5.528480814753189,10.383638407626247
min,35013.0,1.015,9.32785763175907
25%,62613.0,5.40175,18.11772758384668
50%,90428.0,9.8385,26.327173169062284
75%,118740.25,14.838,35.31143052703628
max,149908.0,19.944,45.81519507186858
