Variable,Test,Statistic,P-value,Normal
Salary,Shapiro-Wilk,0.957183945601251,1.6448264151749672e-16,No
Salary,D'Agostino,556.8204848014473,1.224526025978122e-121,No
Bonus_pct,Shapiro-Wilk,0.9528191562299491,2.1834614742274455e-17,No
Bonus_pct,D'Agostino,614.5791120083733,3.5143214306184464e-134,No
Years_of_Service,Shapiro-Wilk,0.9573439832846542,1.7760478210791966e-16,No
Years_of_Service,D'Agostino,467.1816566563946,3.5710195997838666e-102,No
