Test,T-statistic,P-value,Significant
Salary by Gender,0.5116423334207134,0.6090337727763429,No
Salary by Senior Management,0.24579920918218628,0.8058882087041728,No
